{
    "debug": false,
	"debugmetric":{
		"endpoints":["vpn-lw"],
		"metrics":["AnyconnectSession","ConnectionStat"],
		"tags":""
	},
	"switch":{
	   "enabled": true,
		"ipRange":[
            "10.10.88.168"      
 		],
		"gosnmp":true,
 		"pingTimeout":300,
		"pingRetry":4,
		"community":"123456",
		"snmpTimeout":1000,
		"snmpRetry":5,
		"ignoreIface": ["Nu","NU","Vlan","Vl"],
		"ignoreOperStatus": true,
		"speedlimit":0,
		"ignorePkt": true,
		"pktlimit": 0,
		"ignoreBroadcastPkt": true,
		"broadcastPktlimit": 0,
		"ignoreMulticastPkt": true,
		"multicastPktlimit": 0,
		"ignoreDiscards": true,
		"discardsPktlimit": 0,
		"ignoreErrors": true,
		"errorsPktlimit": 0,
		"ignoreUnknownProtos":true,
		"unknownProtosPktlimit": 0,
		"ignoreOutQLen":true,
		"outQLenPktlimit": 0,
		"fastPingMode": true,
		"limitConcur": 1000,
		"limitCon": 4
 	}, 
	"switchhosts":{
		"enabled":false,
		"hosts":"./hosts.json"
	},
	"customMetrics":{
		"enabled":false,
		"template":"./custom.json"
	},
    "transfer": {
        "enabled": true,
        "addr": "127.0.0.1:8433",
        "interval": 300,
        "timeout": 1000
    },
    "http": {
        "enabled": false,
        "listen": ":1989",
		"trustIps":["192.168.0.1","192.168.0.2"]
    }
}
